EN2220,"Aeronáutica I-A A-diurno (São Bernardo do 
Campo)","terca das 08:00 às 10:00, sala A2-S305-SB, 
semanal , quinta das 10:00 às 12:00, sala A2-S305
SB, semanal",0,FERNANDO MADEIRA
BC1425,"Álgebra Linear A-diurno (São Bernardo do 
Campo)","segunda das 08:00 às 10:00, sala A1-S205-SB, 
semanal , quarta das 10:00 às 12:00, sala A1-
S205-SB, semanal , sexta das 08:00 às 10:00, sala 
A1-S205-SB, semanal",0,ANTONIO CANDIDO FALEIROS
BC1425,"Álgebra Linear A-Noturno (São Bernardo do 
Campo)","segunda das 19:00 às 21:00, sala A1-S205-SB, 
semanal , quarta das 21:00 às 23:00, sala A1-
S205-SB, semanal , sexta das 19:00 às 21:00, sala 
A1-S205-SB, semanal",0,JOAO PAULO PITELLI MANOEL
EN3528,"Análise de Redes de Transporte e Distribuição A
Noturno (São Bernardo do Campo)","quarta das 19:00 às 23:00, sala A2-S202-SB, 
semanal",0,CAROLINA CORREA DE CARVALHO
NH5130,"Antropologia Filosófica A-Noturno (São 
Bernardo do Campo)","quinta das 19:00 às 23:00, sala A1-S103-SB, 
semanal",0,MARILIA MELLO PISANI
BH1122,"Avaliação e Monitoramento de Políticas 
Públicas A-diurno (São Bernardo do Campo)","terca das 08:00 às 10:00, sala A2-S302-SB, 
semanal , quinta das 10:00 às 12:00, sala A2-S302
SB, semanal",0,GABRIELA SPANGHERO LOTTA
BH1122,"Avaliação e Monitoramento de Políticas 
Públicas A-Noturno (São Bernardo do Campo)","terca das 19:00 às 21:00, sala A2-S302-SB, 
semanal , quinta das 21:00 às 23:00, sala A2-S302
SB, semanal",0,GABRIELA SPANGHERO LOTTA
BC0001,"Base Experimental das Ciências Naturais A1-
diurno (São Bernardo do Campo)",0,"quinta das 08:00 às 11:00, sala A1-L301-SB, 
semanal",0
BC0001,"Base Experimental das Ciências Naturais A2-
Noturno (São Bernardo do Campo)",0,"quinta das 19:00 às 22:00, sala A1-L302-SB, 
semanal",0
BC0001,"Base Experimental das Ciências Naturais A3-
diurno (São Bernardo do Campo)",0,"quinta das 08:00 às 11:00, sala A1-L305-SB, 
semanal",0
BC0001,"Base Experimental das Ciências Naturais A3-
Noturno (São Bernardo do Campo)",0,"quinta das 19:00 às 22:00, sala A1-L305-SB, 
semanal",0
BC0001,"Base Experimental das Ciências Naturais B1-
diurno (São Bernardo do Campo)",0,"segunda das 08:00 às 11:00, sala A1-L301-SB, 
semanal",0
BC0001,"Base Experimental das Ciências Naturais B1-
Noturno (São Bernardo do Campo)",0,"segunda das 19:00 às 22:00, sala A1-L301-SB, 
semanal",0
BC0001,"Base Experimental das Ciências Naturais B2-
diurno (São Bernardo do Campo)",0,"segunda das 08:00 às 11:00, sala A1-L302-SB, 
semanal",0
BC0001,"Base Experimental das Ciências Naturais B2-
Noturno (São Bernardo do Campo)",0,"segunda das 19:00 às 22:00, sala A1-L302-SB, 
semanal",0
BC0001,"Base Experimental das Ciências Naturais B3-
diurno (São Bernardo do Campo)",0,"segunda das 08:00 às 11:00, sala A1-L305-SB, 
semanal",0
BC0001,"Base Experimental das Ciências Naturais C1-
diurno (São Bernardo do Campo)",0,"segunda das 14:00 às 17:00, sala A1-L301-SB, 
semanal",0
BC0001,"Base Experimental das Ciências Naturais C1-
Noturno (São Bernardo do Campo)",0,"sabado das 08:00 às 11:00, sala A1-L301-SB, 
semanal",0
BC0001,"Base Experimental das Ciências Naturais C2-
diurno (São Bernardo do Campo)",0,"segunda das 14:00 às 17:00, sala A1-L302-SB, 
semanal",0
BC0001,"Base Experimental das Ciências Naturais C2-
Noturno (São Bernardo do Campo)",0,"sabado das 08:00 às 11:00, sala A1-L302-SB, 
semanal",0
BC0005,"Bases Computacionais da Ciência A1-diurno 
(São Bernardo do Campo)",0,"terca das 10:00 às 12:00, sala A1-L102-SB, 
semanal",0
BC0005,"Bases Computacionais da Ciência A1-Noturno 
(São Bernardo do Campo)",0,"terca das 21:00 às 23:00, sala A1-L102-SB, 
semanal",0
BC0005,"Bases Computacionais da Ciência A2-diurno 
(São Bernardo do Campo)",0,"terca das 10:00 às 12:00, sala A2-L001-SB, 
semanal",0
BC0005,"Bases Computacionais da Ciência A2-Noturno 
(São Bernardo do Campo)",0,"terca das 21:00 às 23:00, sala A2-L001-SB, 
semanal",0
BC0005,"Bases Computacionais da Ciência A3-Noturno 
(São Bernardo do Campo)",0,"terca das 21:00 às 23:00, sala A1-L002-SB, 
semanal",0
BC0005,"Bases Computacionais da Ciência A4-diurno 
(São Bernardo do Campo)",0,"terca das 10:00 às 12:00, sala A2-L003-SB, 
semanal",0
BC0005,"Bases Computacionais da Ciência A4-Noturno 
(São Bernardo do Campo)",0,"terca das 21:00 às 23:00, sala A2-L003-SB, 
semanal",0
BC0005,"Bases Computacionais da Ciência B1-diurno 
(São Bernardo do Campo)",0,"terca das 08:00 às 10:00, sala A1-L002-SB, 
semanal",0
BC0005,"Bases Computacionais da Ciência B1-Noturno 
(São Bernardo do Campo)",0,"terca das 19:00 às 21:00, sala A1-L102-SB, 
semanal",0
BC0005,"Bases Computacionais da Ciência B2-diurno 
(São Bernardo do Campo)",0,"terca das 08:00 às 10:00, sala A2-L001-SB, 
semanal",0
BC0005,"Bases Computacionais da Ciência B2-Noturno 
(São Bernardo do Campo)",0,"terca das 19:00 às 21:00, sala A2-L001-SB, 
semanal",0
BC0005,"Bases Computacionais da Ciência B3-Noturno 
(São Bernardo do Campo)",0,"terca das 19:00 às 21:00, sala A1-L101-SB, 
semanal",0
BC0004,"Bases Epistemológicas da Ciência Moderna A-
diurno (São Bernardo do Campo)","segunda das 10:00 às 12:00, sala A2-S101-SB, 
quinzenal I, quarta das 08:00 às 10:00, sala A2-
S101-SB, semanal",0,RENATO RODRIGUES KINOUCHI
BC0004,"Bases Epistemológicas da Ciência Moderna A-
Noturno (São Bernardo do Campo)","segunda das 21:00 às 23:00, sala A1-S206-SB, 
quinzenal I, quarta das 19:00 às 21:00, sala A1-
S206-SB, semanal",0,RENATO RODRIGUES KINOUCHI
BC0003,"Bases Matemáticas A1-diurno (São Bernardo 
do Campo)","quarta das 08:00 às 10:00, sala A1-S201-SB, 
semanal , sexta das 10:00 às 12:00, sala A1-S201-
SB, semanal",0,MAURICIO FIRMINO SILVA LIMA
BC0003,"Bases Matemáticas A1-Noturno (São Bernardo 
do Campo)","quarta das 19:00 às 21:00, sala A2-S101-SB, 
semanal , sexta das 21:00 às 23:00, sala A2-S101-
SB, semanal",0,EDUARDO GUERON
BC0003,"Bases Matemáticas A2-diurno (São Bernardo 
do Campo)","quarta das 08:00 às 10:00, sala A1-S202-SB, 
semanal , sexta das 10:00 às 12:00, sala A1-S202-
SB, semanal",0,GISELE CRISTINA DUCATI
BC0003,"Bases Matemáticas A2-Noturno (São Bernardo 
do Campo)","quarta das 19:00 às 21:00, sala A2-S102-SB, 
semanal , sexta das 21:00 às 23:00, sala A2-S102-
SB, semanal",0,ANDRE RICARDO OLIVEIRA DA FONSECA
BC0003,"Bases Matemáticas B-diurno (São Bernardo do 
Campo)","quarta das 10:00 às 12:00, sala A1-S201-SB, 
semanal , sexta das 08:00 às 10:00, sala A1-S201-
SB, semanal",0,MAURICIO FIRMINO SILVA LIMA
BC0003,"Bases Matemáticas B-Noturno (São Bernardo 
do Campo)","quarta das 21:00 às 23:00, sala A1-S201-SB, 
semanal , sexta das 19:00 às 21:00, sala A1-S201-
SB, semanal",0,EDUARDO GUERON
EN2324,"Biossegurança A-diurno (São Bernardo do 
Campo)","quarta das 10:00 às 12:00, sala A2-S205-SB, 
semanal , sexta das 08:00 às 10:00, sala A2-S205-
SB, semanal",0,CHRISTIANE BERTACHINI LOMBELLO
BC1499,"Cálculo Numérico A-diurno (São Bernardo do 
Campo)","segunda das 14:00 às 16:00, sala A2-S202-SB, 
semanal , quarta das 16:00 às 18:00, sala A2-
S202-SB, semanal",0,ANTONIO SERGIO MUNHOZ
BC1499,"Cálculo Numérico A-Noturno (São Bernardo do 
Campo)","segunda das 21:00 às 23:00, sala A2-S305-SB, 
semanal , quarta das 19:00 às 21:00, sala A2-
S305-SB, semanal",0,ANTONIO SERGIO MUNHOZ
BC0603,"Ciência, Tecnologia e Sociedade A1-diurno (São 
Bernardo do Campo)","segunda das 08:00 às 10:00, sala A2-S106-SB, 
quinzenal I, quarta das 10:00 às 12:00, sala A2-
S106-SB, semanal",0,ANTONIO MARCOS ROSEIRA
BC0603,"Ciência, Tecnologia e Sociedade A1-Noturno 
(São Bernardo do Campo)","segunda das 19:00 às 21:00, sala B-A004-SB, 
quinzenal I, quarta das 21:00 às 23:00, sala B-
A004-SB, semanal",0,MANUEL RAMON SOUZA LUZ
BC0603,"Ciência, Tecnologia e Sociedade A2-diurno (São 
Bernardo do Campo)","segunda das 08:00 às 10:00, sala A1-S204-SB, 
quinzenal I, quarta das 10:00 às 12:00, sala A1-
S204-SB, semanal",0,MARIA CARAMEZ CARLOTTO
BC0603,"Ciência, Tecnologia e Sociedade A2-Noturno 
(São Bernardo do Campo)","segunda das 19:00 às 21:00, sala A2-S205-SB, 
quinzenal I, quarta das 21:00 às 23:00, sala A2-
S205-SB, semanal",0,DEMETRIO GASPARI CIRNE DE TOLEDO
BC0603,"Ciência, Tecnologia e Sociedade B1-Noturno 
(São Bernardo do Campo)","segunda das 21:00 às 23:00, sala A1-S204-SB, 
quinzenal I, quarta das 19:00 às 21:00, sala A1-
S204-SB, semanal",0,MANUEL RAMON SOUZA LUZ
BC0603,"Ciência, Tecnologia e Sociedade B2-Noturno 
(São Bernardo do Campo)","segunda das 21:00 às 23:00, sala A2-S204-SB, 
quinzenal I, quarta das 19:00 às 21:00, sala A2-
S204-SB, semanal",0,ANGELO MARCOS QUEIROZ PRATES
BC0506,"Comunicação e Redes A-diurno (São Bernardo 
do Campo)","terca das 10:00 às 12:00, sala A1-S206-SB, 
semanal , sexta das 10:00 às 12:00, sala A1-S206-
SB, quinzenal I",0,VALERIO RAMOS BATISTA
BC0506,"Comunicação e Redes A-Noturno (São 
Bernardo do Campo)","terca das 21:00 às 23:00, sala A1-S206-SB, 
semanal , sexta das 21:00 às 23:00, sala A1-S206-
SB, quinzenal I",0,VALERIO RAMOS BATISTA
BH1300,"Conflitos Sociais A-diurno (São Bernardo do 
Campo)","quarta das 08:00 às 12:00, sala A2-S302-SB, 
semanal",0,CAMILA CALDEIRA NUNES DIAS
BH1300,"Conflitos Sociais A-Noturno (São Bernardo do 
Campo)","segunda das 19:00 às 23:00, sala A2-S302-SB, 
semanal",0,CAMILA CALDEIRA NUNES DIAS
EN2532,Custos A-diurno (São Bernardo do Campo),"segunda das 10:00 às 12:00, sala A2-S202-SB, 
semanal , terca das 08:00 às 12:00, sala A2-S202-
SB, semanal",0,EVANDIR MEGLIORINI
BH0102,"Desenvolvimento e Sustentabilidade A-diurno 
(São Bernardo do Campo)","terca das 10:00 às 12:00, sala A2-S104-SB, 
semanal , quinta das 08:00 às 10:00, sala A2-S104
SB, semanal",0,NEUSA SERRA
BH0102,"Desenvolvimento e Sustentabilidade A-Noturno
(São Bernardo do Campo)","terca das 21:00 às 23:00, sala A2-S104-SB, 
semanal , quinta das 19:00 às 21:00, sala A2-S104
SB, semanal",0,OLYMPIO BARBANTI JUNIOR
BH0102,"Desenvolvimento e Sustentabilidade B-diurno 
(São Bernardo do Campo)","terca das 08:00 às 10:00, sala A2-S103-SB, 
semanal , quinta das 10:00 às 12:00, sala A2-S103
SB, semanal",0,LUIS ROBERTO DE PAULA
BH0102,"Desenvolvimento e Sustentabilidade B-Noturno 
(São Bernardo do Campo)","terca das 19:00 às 21:00, sala A2-S103-SB, 
semanal , quinta das 21:00 às 23:00, sala A2-S103
SB, semanal",0,VANESSA LUCENA EMPINOTTI
CS3401,"Desenvolvimento Humano e Pobreza Urbana A-
diurno (São Bernardo do Campo)","segunda das 14:00 às 16:00, sala A2-S309-SB, 
semanal , quarta das 14:00 às 16:00, sala A2-
S309-SB, semanal",0,LEONARDO FREIRE DE MELLO
EN2520,"Desenvolvimento Integrado do Produto A-
Noturno (São Bernardo do Campo)","sexta das 19:00 às 23:00, sala A2-S208-SB, 
semanal",0,FERNANDO GASI
BC1627,Didática A-diurno (São Bernardo do Campo),"sexta das 08:00 às 12:00, sala A1-S102-SB, 
semanal",0,ELIZABETE CRISTINA COSTA RENDERS
BC1627,Didática A-Noturno (São Bernardo do Campo),"quarta das 19:00 às 23:00, sala A1-S103-SB, 
semanal",0,ELIZABETE CRISTINA COSTA RENDERS
CS3303,"Dinâmica dos Investimentos Produtivos 
Internacionais A-diurno (São Bernardo do 
Campo)","segunda das 10:00 às 12:00, sala A2-S307-SB, 
semanal , sexta das 08:00 às 10:00, sala A2-S307-
SB, semanal",0,CRISTINA FROES DE BORJA REIS
CS3303,"Dinâmica dos Investimentos Produtivos 
Internacionais A-Noturno (São Bernardo do 
Campo)","segunda das 21:00 às 23:00, sala A2-S307-SB, 
semanal , sexta das 19:00 às 21:00, sala A2-S307-
SB, semanal",0,MARIA CARAMEZ CARLOTTO
EN3202,"Dinâmica Orbital A-diurno (São Bernardo do 
Campo)","quinta das 14:00 às 17:00, sala A2-S307-SB, 
semanal",0,LEONARDO DE OLIVE FERREIRA
BH1136,"Econometria III A1-Noturno (São Bernardo do 
Campo)","terca das 19:00 às 21:00, sala A1-S201-SB, 
semanal","quinta das 21:00 às 23:00, sala A1-L102-SB, 
semanal e sala A1-S204-SB","GUILHERME DE OLIVEIRA LIMA CAGLIARI 
MARQUES"
BH1136,"Econometria III A-diurno (São Bernardo do 
Campo)","terca das 08:00 às 10:00, sala A2-S203-SB, 
semanal","quinta das 10:00 às 12:00, sala A1-L101-SB, 
semanal e sala A2-S203-SB","GUILHERME DE OLIVEIRA LIMA CAGLIARI 
MARQUES"
BH1136,"Econometria III A-Noturno (São Bernardo do 
Campo)","terca das 19:00 às 21:00, sala A1-S201-SB, 
semanal","quinta das 21:00 às 23:00, sala A1-L101-SB, 
semanal e sala A1-S204-SB","GUILHERME DE OLIVEIRA LIMA CAGLIARI 
MARQUES"
BH1137,"Economia Brasileira Contemporânea III A-
diurno (São Bernardo do Campo)","sexta das 09:00 às 12:00, sala A2-S203-SB, 
semanal",0,Patrícia Cunha
BH1137,"Economia Brasileira Contemporânea III A-
Noturno (São Bernardo do Campo)","sexta das 19:00 às 22:00, sala A2-S106-SB, 
semanal",0,GIORGIO ROMANO SCHUTTE
BH1120,"Economia e Meio Ambiente A-diurno (São 
Bernardo do Campo)","segunda das 10:00 às 12:00, sala A1-S205-SB, 
quinzenal I, sexta das 10:00 às 12:00, sala A1-
S205-SB, semanal",0,MONICA YUKIE KUWAHARA
BH1120,"Economia e Meio Ambiente A-Noturno (São 
Bernardo do Campo)","segunda das 21:00 às 23:00, sala A1-S205-SB, 
quinzenal I, sexta das 21:00 às 23:00, sala A1-
S205-SB, semanal",0,MONICA YUKIE KUWAHARA
BH1115,"Economia Internacional II A-diurno (São 
Bernardo do Campo)","segunda das 10:00 às 12:00, sala A2-S203-SB, 
semanal , quinta das 08:00 às 10:00, sala A2-S203
SB, semanal",0,PARIS YEROS
BH1115,"Economia Internacional II A-Noturno (São 
Bernardo do Campo)","segunda das 21:00 às 23:00, sala A2-S201-SB, 
semanal , quinta das 19:00 às 21:00, sala A2-S201
SB, semanal",0,PARIS YEROS
EN2521,"Elaboração, Análise e Avaliação de Projetos A-
diurno (São Bernardo do Campo)","sexta das 08:00 às 12:00, sala A2-S202-SB, 
semanal",0,DOUGLAS ALVES CASSIANO
EN3535,"Empreendedorismo A-diurno (São Bernardo do 
Campo)","terca das 14:00 às 16:00, sala A2-S202-SB, 
semanal , quinta das 14:00 às 16:00, sala A2-S202
SB, semanal",0,ANNE CRISTINE CHINELLATO
BC0207,"Energia: Origens, Conversão e Uso A1-Noturno 
(São Bernardo do Campo)","segunda das 19:00 às 21:00, sala A2-S104-SB, 
semanal",0,REGINA KEIKO MURAKAMI
BC0207,"Energia: Origens, Conversão e Uso A2-Noturno 
(São Bernardo do Campo)","segunda das 19:00 às 21:00, sala A2-S103-SB, 
semanal",0,DENISE CRIADO PEREIRA DE SOUZA
BC0207,"Energia: Origens, Conversão e Uso A3-Noturno 
(São Bernardo do Campo)","segunda das 19:00 às 21:00, sala A2-S101-SB, 
semanal",0,SERGIO HENRIQUE FERREIRA DE OLIVEIRA
BC0207,"Energia: Origens, Conversão e Uso A-diurno 
(São Bernardo do Campo)","segunda das 10:00 às 12:00, sala A2-S104-SB, 
semanal",0,REGINA KEIKO MURAKAMI
BC0207,"Energia: Origens, Conversão e Uso B2-Noturno 
(São Bernardo do Campo)","segunda das 21:00 às 23:00, sala A2-S104-SB, 
semanal",0,DENISE CRIADO PEREIRA DE SOUZA
BC1713,"Engenharia Econômica A-diurno (São Bernardo 
do Campo)","segunda das 10:00 às 13:00, sala A2-S301-SB, 
semanal",0,EDER DE OLIVEIRA ABENSUR
EN3524,"Engenharia Humana A-Noturno (São Bernardo 
do Campo)","terca das 19:00 às 23:00, sala A2-S202-SB, 
semanal",0,ANNE CRISTINE CHINELLATO
EN1004,"Engenharia Unificada II A-Noturno (São 
Bernardo do Campo)",0,"quarta das 18:00 às 21:00, sala A1-L306-SB, 
semanal",0
BH1123,"Estado e Desenvolvimento Econômico no Brasil 
Contemporâneo A-diurno (São Bernardo do 
Campo)","terca das 10:00 às 12:00, sala A1-S205-SB, 
semanal , quinta das 08:00 às 10:00, sala A1-S205
SB, semanal",0,GIORGIO ROMANO SCHUTTE
BH1123,"Estado e Desenvolvimento Econômico no Brasil 
Contemporâneo A-Noturno (São Bernardo do 
Campo)","terca das 21:00 às 23:00, sala A2-S101-SB, 
semanal , quinta das 19:00 às 21:00, sala A2-S101
SB, semanal",0,GILBERTO MARINGONI DE OLIVEIRA
BH0101,"Estado e Relações de Poder A-diurno (São 
Bernardo do Campo)","terca das 08:00 às 10:00, sala B-A004-SB, 
semanal , quinta das 10:00 às 12:00, sala B-A004-
SB, semanal",0,VITOR EMANUEL MARCHETTI FERRAZ JUNIOR
BH0101,"Estado e Relações de Poder A-Noturno (São 
Bernardo do Campo)","terca das 19:00 às 21:00, sala B-A004-SB, 
semanal , quinta das 21:00 às 23:00, sala B-A004-
SB, semanal",0,SIMONE DINIZ
BH0101,"Estado e Relações de Poder B-Noturno (São 
Bernardo do Campo)","terca das 21:00 às 23:00, sala A1-S204-SB, 
semanal , quinta das 19:00 às 21:00, sala A1-S204
SB, semanal",0,SIMONE DINIZ
NH4510,"Estágio Supervisionado em Filosofia III A-Diurno
(São Bernardo)",0,"Segunda das 11:00 às 13:00, semanal, sala A1-
S102-SB",0
BH1214,"Estética: Perspectivas Contemporâneas A-
diurno (São Bernardo do Campo)","terca das 08:00 às 12:00, sala A1-S101-SB, 
semanal",0,MARINE DE SOUZA PEREIRA
BH1214,"Estética: Perspectivas Contemporâneas A-
Noturno (São Bernardo do Campo)","quarta das 19:00 às 23:00, sala A1-S101-SB, 
semanal",0,MARINE DE SOUZA PEREIRA
BC0102,"Estrutura da Matéria A1-diurno (São Bernardo 
do Campo)","terca das 08:00 às 10:00, sala A2-S102-SB, 
semanal , sexta das 08:00 às 10:00, sala A2-S102-
SB, quinzenal II",0,RODRIGO LUIZ OLIVEIRA RODRIGUES CUNHA
BC0102,"Estrutura da Matéria A1-Noturno (São 
Bernardo do Campo)","terca das 19:00 às 21:00, sala A2-S201-SB, 
semanal , sexta das 19:00 às 21:00, sala A2-S201-
SB, quinzenal II",0,Prof. Visitante 2 Química
BC0102,"Estrutura da Matéria A2-diurno (São Bernardo 
do Campo)","terca das 08:00 às 10:00, sala A2-S105-SB, 
semanal , sexta das 08:00 às 10:00, sala A2-S105-
SB, quinzenal II",0,ALEXSANDRE FIGUEIREDO LAGO
BC0102,"Estrutura da Matéria A2-Noturno (São 
Bernardo do Campo)","terca das 19:00 às 21:00, sala A2-S105-SB, 
semanal , sexta das 19:00 às 21:00, sala A2-S105-
SB, quinzenal II",0,GUSTAVO MORARI DO NASCIMENTO
BC0102,"Estrutura da Matéria B-Noturno (São Bernardo 
do Campo)","terca das 21:00 às 23:00, sala A2-S105-SB, 
semanal , sexta das 21:00 às 23:00, sala A2-S105-
SB, quinzenal II",0,GUSTAVO MORARI DO NASCIMENTO
BC0602,"Estrutura e Dinâmica Social A-diurno (São 
Bernardo do Campo)","segunda das 10:00 às 12:00, sala A2-S204-SB, 
quinzenal I, quarta das 08:00 às 10:00, sala A2-
S204-SB, semanal",0,WILSON MESQUISTA DE ALMEIDA
BC0602,"Estrutura e Dinâmica Social A-Noturno (São 
Bernardo do Campo)","segunda das 21:00 às 23:00, sala A2-S301-SB, 
quinzenal I, quarta das 19:00 às 21:00, sala A2-
S301-SB, semanal",0,ELIAS DAVID MORALES MARTINEZ
BH1204,"Ética: perspectivas contemporâneas A-diurno 
(São Bernardo do Campo)","sexta das 14:00 às 18:00, sala A1-S101-SB, 
semanal",0,FLAMARION CALDEIRA RAMOS
BH1204,"Ética: perspectivas contemporâneas A-Noturno 
(São Bernardo do Campo)","quinta das 19:00 às 23:00, sala A1-S101-SB, 
semanal",0,FLAMARION CALDEIRA RAMOS
NH5111,"Existencialismo A-diurno (São Bernardo do 
Campo)","sexta das 08:00 às 12:00, sala A1-S103-SB, 
semanal",0,PAULA PRISCILA BRAGA
BC0209,"Fenômenos Eletromagnéticos A1-diurno (São 
Bernardo do Campo)","terca das 08:00 às 10:00, sala A2-S101-SB, 
semanal , quinta das 10:00 às 12:00, sala A2-S101
SB, semanal","quinta das 08:00 às 10:00, sala A1-L303-SB, 
quinzenal I",FELIPE CHEN ABREGO
BC0209,"Fenômenos Eletromagnéticos A1-Noturno (São 
Bernardo do Campo)","terca das 19:00 às 21:00, sala A2-S101-SB, 
semanal , quinta das 21:00 às 23:00, sala A2-S101
SB, semanal","quinta das 19:00 às 21:00, sala A1-L303-SB, 
quinzenal I",WANIUS JOSE GARCIA DA SILVA
BC0209,"Fenômenos Eletromagnéticos A2-Noturno (São 
Bernardo do Campo)","terca das 19:00 às 21:00, sala A2-S101-SB, 
semanal , quinta das 21:00 às 23:00, sala A2-S101
SB, semanal","quinta das 19:00 às 21:00, sala A1-L303-SB, 
quinzenal II",WANIUS JOSE GARCIA DA SILVA
BC0209,"Fenômenos Eletromagnéticos A3-diurno (São 
Bernardo do Campo)","terca das 08:00 às 10:00, sala A2-S101-SB, 
semanal , quinta das 10:00 às 12:00, sala A2-S101
SB, semanal","quinta das 08:00 às 10:00, sala A1-L304-SB, 
quinzenal I",FELIPE CHEN ABREGO
BC0209,"Fenômenos Eletromagnéticos A3-Noturno (São 
Bernardo do Campo)","terca das 19:00 às 21:00, sala A2-S101-SB, 
semanal , quinta das 21:00 às 23:00, sala A2-S101
SB, semanal","quinta das 19:00 às 21:00, sala A1-L304-SB, 
quinzenal I",WANIUS JOSE GARCIA DA SILVA
BC0209,"Fenômenos Eletromagnéticos B1-Noturno (São 
Bernardo do Campo)","terca das 21:00 às 23:00, sala A2-S102-SB, 
semanal , quinta das 19:00 às 21:00, sala A2-S102
SB, semanal","quinta das 21:00 às 23:00, sala A1-L303-SB, 
quinzenal I",ANDRE GUSTAVO SCAGLIUSI LANDULFO
BC0209,"Fenômenos Eletromagnéticos B2-Noturno (São 
Bernardo do Campo)","terca das 21:00 às 23:00, sala A2-S102-SB, 
semanal , quinta das 19:00 às 21:00, sala A2-S102
SB, semanal","quinta das 21:00 às 23:00, sala A1-L303-SB, 
quinzenal II",ANDRE GUSTAVO SCAGLIUSI LANDULFO
BC0209,"Fenômenos Eletromagnéticos B3-Noturno (São 
Bernardo do Campo)","terca das 21:00 às 23:00, sala A2-S102-SB, 
semanal , quinta das 19:00 às 21:00, sala A2-S102
SB, semanal","quinta das 21:00 às 23:00, sala A1-L304-SB, 
quinzenal I",ANDRE GUSTAVO SCAGLIUSI LANDULFO
BC0209,"Fenômenos Eletromagnéticos S3-Noturno (São 
Bernardo do Campo)","terca das 19:00 às 21:00, sala A2-S301-SB, 
quinzenal I","terca das 19:00 às 21:00, sala A1-L304-SB, 
quinzenal II",ANDRE GUSTAVO SCAGLIUSI LANDULFO
BC0209,"Fenômenos Eletromagnéticos S4-Noturno (São 
Bernardo do Campo)","terca das 19:00 às 21:00, sala A2-S301-SB, 
quinzenal I","terca das 19:00 às 21:00, sala A1-L303-SB, 
quinzenal II",ANDRE GUSTAVO SCAGLIUSI LANDULFO
BH1206,"Filosofia da Linguagem A-Noturno (São 
Bernardo do Campo)","terca das 19:00 às 23:00, sala A1-S103-SB, 
semanal",0,WILLIAM JOSE STEINLE
NH5121,"Filosofia da Mente A-diurno (São Bernardo do 
Campo)","quarta das 14:00 às 18:00, sala A1-S204-SB, 
semanal",0,RENATO RODRIGUES KINOUCHI
NH5121,"Filosofia da Mente A-Noturno (São Bernardo do
Campo)","terca das 19:00 às 23:00, sala A1-S102-SB, 
semanal",0,MARIA CECILIA LEONEL GOMES DOS REIS
BH1221,"Filosofia do Ensino de Filosofia A-diurno (São 
Bernardo do Campo)","terca das 08:00 às 12:00, sala A1-S102-SB, 
semanal",0,PATRICIA DEL NERO VELASCO
BH1221,"Filosofia do Ensino de Filosofia A-Noturno (São 
Bernardo do Campo)","quinta das 19:00 às 23:00, sala A1-S102-SB, 
semanal",0,PATRICIA DEL NERO VELASCO
BH1216,"Filosofia no Brasil e na América Latina A-diurno 
(São Bernardo do Campo)","quarta das 08:00 às 12:00, sala A1-S101-SB, 
semanal",0,PAULA PRISCILA BRAGA
BH1216,"Filosofia no Brasil e na América Latina A-
Noturno (São Bernardo do Campo)","segunda das 19:00 às 23:00, sala A1-S101-SB, 
semanal",0,PAULA PRISCILA BRAGA
BH1208,"Filosofia Política: perspectivas contemporâneas 
A-diurno (São Bernardo do Campo)","terca das 08:00 às 12:00, sala A1-S103-SB, 
semanal",0,Aléxia Cruz Bretas
BH1138,"Finanças Corporativas A-diurno (São Bernardo 
do Campo)","quarta das 08:00 às 12:00, sala A2-S203-SB, 
semanal",0,EVANDIR MEGLIORINI
BH1138,"Finanças Corporativas A-Noturno (São 
Bernardo do Campo)","quarta das 19:00 às 23:00, sala A2-S106-SB, 
semanal",0,EVANDIR MEGLIORINI
CS3205,"Finanças I (Apreçamento de Ativos) A-diurno 
(São Bernardo do Campo)","segunda das 08:00 às 10:00, sala A2-S203-SB, 
semanal , terca das 10:00 às 12:00, sala A2-S203-
SB, semanal",0,RICARDO BUSCARIOLLI PEREIRA
CS3205,"Finanças I (Apreçamento de Ativos) A-Noturno 
(São Bernardo do Campo)","segunda das 19:00 às 21:00, sala A1-S201-SB, 
semanal , terca das 21:00 às 23:00, sala A1-S201-
SB, semanal",0,RICARDO BUSCARIOLLI PEREIRA
CS4113,"Formação das Políticas Educacionais no Brasil A
diurno (São Bernardo do Campo)","terca das 14:00 às 18:00, sala A2-S304-SB, 
semanal",0,SALOMÃO BARROS XIMENES
CS4112,"Formação das Políticas Educacionais no Brasil A
Noturno (São Bernardo do Campo)","quarta das 19:00 às 23:00, sala A2-S304-SB, 
semanal",0,SALOMÃO BARROS XIMENES
BH1332,"Formação Histórica da América Latina A-diurno 
(São Bernardo do Campo)","segunda das 08:00 às 10:00, sala A2-S204-SB, 
semanal , quarta das 10:00 às 12:00, sala A2-
S204-SB, semanal",0,MURYATAN SANTANA BARBOSA
BH1332,"Formação Histórica da América Latina A-
Noturno (São Bernardo do Campo)","segunda das 19:00 às 21:00, sala A2-S308-SB, 
semanal , quarta das 21:00 às 23:00, sala A2-
S308-SB, semanal",0,ELIAS DAVID MORALES MARTINEZ
BC0402,"Funções de Uma Variável A-Noturno (São 
Bernardo do Campo)","quarta das 19:00 às 21:00, sala A1-S201-SB, 
semanal , sexta das 21:00 às 23:00, sala A1-S201-
SB, semanal",0,FABIANO GUSTAVO BRAGA BRITO
BC0407,"Funções de Várias Variáveis A-diurno (São 
Bernardo do Campo)","quarta das 14:00 às 16:00, sala A1-S202-SB, 
semanal , sexta das 16:00 às 18:00, sala A1-S202-
SB, semanal",0,ALEXANDR KORNEV
BC0407,"Funções de Várias Variáveis A-Noturno (São 
Bernardo do Campo)","quarta das 19:00 às 21:00, sala A2-S201-SB, 
semanal , sexta das 21:00 às 23:00, sala A2-S201-
SB, semanal",0,ALEXANDR KORNEV
BC0407,"Funções de Várias Variáveis B1-Noturno (São 
Bernardo do Campo)","quarta das 21:00 às 23:00, sala A2-S203-SB, 
semanal , sexta das 19:00 às 21:00, sala A2-S203-
SB, semanal",0,ANDRE RICARDO OLIVEIRA DA FONSECA
BC0407,"Funções de Várias Variáveis B-Noturno (São 
Bernardo do Campo)","quarta das 21:00 às 23:00, sala A2-S102-SB, 
semanal , sexta das 19:00 às 21:00, sala A2-S102-
SB, semanal",0,ALEXANDR KORNEV
BC1416,"Fundamentos de Desenho e Projeto A-diurno 
(São Bernardo do Campo)","terca das 14:00 às 16:00, sala A2-S309-SB, 
quinzenal II, quinta das 16:00 às 18:00, sala A2-
S309-SB, quinzenal II","terca das 14:00 às 16:00, sala A1-L101-SB, 
quinzenal I, quinta das 16:00 às 18:00, sala A1-
L101-SB, quinzenal I",CICERO RIBEIRO DE LIMA
BH1333,"Geografia Política A-diurno (São Bernardo do 
Campo)","quarta das 08:00 às 10:00, sala A2-S307-SB, 
semanal , sexta das 08:00 às 10:00, sala A2-S204-
SB, semanal",0,ANTONIO MARCOS ROSEIRA
BH1333,"Geografia Política A-Noturno (São Bernardo do 
Campo)","quarta das 19:00 às 21:00, sala A2-S307-SB, 
semanal , sexta das 21:00 às 23:00, sala A2-S307-
SB, semanal",0,ANTONIO MARCOS ROSEIRA
EN2528,"Gerência de Ativos A-Noturno (São Bernardo 
do Campo)","quinta das 21:00 às 23:00, sala A2-S208-SB, 
semanal",0,LEONARDO RIBEIRO RODRIGUES
EN2511,"Gestão de Operações A-diurno (São Bernardo 
do Campo)","quarta das 08:00 às 12:00, sala A2-S208-SB, 
semanal",0,MARCIA MARIA PENTEADO MARCHESINI
EN2511,"Gestão de Operações A-Noturno (São Bernardo 
do Campo)","terca das 19:00 às 23:00, sala A2-S208-SB, 
semanal",0,MARCIA MARIA PENTEADO MARCHESINI
BH1103,"Governo, Burocracia e Administração Pública A-
diurno (São Bernardo do Campo)","segunda das 08:00 às 12:00, sala A2-S306-SB, 
semanal",0,LUCIO NAGIB BITTENCOURT
BH1103,"Governo, Burocracia e Administração Pública A-
Noturno (São Bernardo do Campo)","quarta das 19:00 às 23:00, sala A2-S302-SB, 
semanal",0,LUCIO NAGIB BITTENCOURT
BH1348,"História da Cidade e do Urbanismo A-diurno 
(São Bernardo do Campo)","terca das 10:00 às 12:00, sala A2-S309-SB, 
semanal , quinta das 08:00 às 10:00, sala A2-S309
SB, semanal",0,SILVIA HELENA FACCIOLLA PASSARELLI
BH1348,"História da Cidade e do Urbanismo A-Noturno 
(São Bernardo do Campo)","terca das 21:00 às 23:00, sala A2-S309-SB, 
semanal , quinta das 19:00 às 21:00, sala A2-S309
SB, semanal",0,MARIA DE LOURDES PEREIRA FONSECA
BH1309,"História da Filosofia Medieval: Patrística e 
Escolástica A-diurno (São Bernardo do Campo)","segunda das 08:00 às 12:00, sala A1-S101-SB, 
semanal",0,Luca Jean Pitteloud
BH1310,"História da Filosofia Moderna: o Iluminismo e 
seus desdobramentos A-diurno (São Bernardo 
do Campo)","quinta das 08:00 às 12:00, sala A1-S101-SB, 
semanal",0,MONIQUE HULSHOF
BH1310,"História da Filosofia Moderna: o Iluminismo e 
seus desdobramentos A-Noturno (São 
Bernardo do Campo)","sexta das 19:00 às 23:00, sala A1-S101-SB, 
semanal",0,MONIQUE HULSHOF
BH1404,"Historiografia e História das Ciências A-Noturno 
(São Bernardo do Campo)","sexta das 19:00 às 23:00, sala A1-S103-SB, 
semanal",0,KATYA MARGARETH AURANI
BH0302,"Identidade e Cultura A-diurno (São Bernardo do
Campo)","terca das 08:00 às 10:00, sala A2-S104-SB, 
semanal , quinta das 10:00 às 12:00, sala A2-S104
SB, semanal",0,"ANDREA PAULA DOS SANTOS OLIVEIRA 
KAMENSKY"
BHQ0302-14,"Identidade e Cultura A-diurno (São Bernardo do
Campo)","segunda das 08:00 às 10:00, sala B-A004-SB, 
quinzenal II, quarta das 08:00 às 10:00, sala B-
A004-SB, semanal",0,ANA MARIA DIETRICH
BH0302,"Identidade e Cultura A-Noturno (São Bernardo 
do Campo)","terca das 19:00 às 21:00, sala A2-S104-SB, 
semanal , quinta das 21:00 às 23:00, sala A2-S104
SB, semanal",0,"MARIA GABRIELA SILVA MARTINS CUNHA 
MARINHO"
BHQ0302-14,"Identidade e Cultura A-Noturno (São Bernardo 
do Campo)","segunda das 19:00 às 21:00, sala B-A004-SB, 
quinzenal II, quarta das 19:00 às 21:00, sala B-
A004-SB, semanal",0,WILSON MESQUISTA DE ALMEIDA
BH0302,"Identidade e Cultura B1-diurno (São Bernardo 
do Campo)","terca das 10:00 às 12:00, sala A1-S201-SB, 
semanal , quinta das 08:00 às 10:00, sala A1-S201
SB, semanal",0,Alessandra Teixeira
BHQ0302-14,"Identidade e Cultura B-diurno (São Bernardo do
Campo)","segunda das 10:00 às 12:00, sala B-A004-SB, 
quinzenal II, quarta das 10:00 às 12:00, sala B-
A004-SB, semanal",0,ANA MARIA DIETRICH
BHQ0302-14,"Identidade e Cultura B-Noturno (São Bernardo 
do Campo)","segunda das 21:00 às 23:00, sala A1-S204-SB, 
quinzenal II, quarta das 21:00 às 23:00, sala A1-
S204-SB, semanal",0,WILSON MESQUISTA DE ALMEIDA
BH0302,"Identidade e Cultura B-Noturno (São Bernardo 
do Campo)","terca das 21:00 às 23:00, sala A2-S103-SB, 
semanal , quinta das 19:00 às 21:00, sala A2-S103
SB, semanal",0,"MARIA GABRIELA SILVA MARTINS CUNHA 
MARINHO"
EN2514,"Inovação Tecnológica A-diurno (São Bernardo 
do Campo)","segunda das 08:00 às 12:00, sala A2-S208-SB, 
semanal",0,JORGE TOMIOKA
EN2514,"Inovação Tecnológica A-Noturno (São Bernardo 
do Campo)","quarta das 19:00 às 23:00, sala A2-S208-SB, 
semanal",0,JORGE TOMIOKA
BC1507,"Instrumentação e Controle A-diurno (São 
Bernardo do Campo)","segunda das 08:00 às 10:00, sala A1-S202-SB, 
quinzenal II, quarta das 10:00 às 12:00, sala A1-
S202-SB, semanal","segunda das 08:00 às 10:00, sala A1-L306-SB, 
quinzenal I",EDUARDO DOS SANTOS FERREIRA
BC1507,"Instrumentação e Controle B-diurno (São 
Bernardo do Campo)","segunda das 10:00 às 12:00, sala A2-S206-SB, 
quinzenal II, quarta das 08:00 às 10:00, sala A2-
S206-SB, semanal","segunda das 10:00 às 12:00, sala A1-L306-SB, 
quinzenal I",LEANDRO BARONI
BC0104,"Interações Atômicas e Moleculares A-diurno 
(São Bernardo do Campo)","terca das 14:00 às 16:00, sala A1-S201-SB, 
quinzenal II, quinta das 16:00 às 18:00, sala A1-
S201-SB, semanal",0,RONE PETERSON GALVAO DE ANDRADE
BHQ0303-14,"Interpretações do Brasil A-diurno (São 
Bernardo do Campo)","terca das 10:00 às 12:00, sala B-A004-SB, 
semanal , sexta das 08:00 às 10:00, sala B-A004-
SB, semanal",0,ARILSON DA SILVA FAVARETO
BHQ0303-14,"Interpretações do Brasil A-Noturno (São 
Bernardo do Campo)","terca das 21:00 às 23:00, sala B-A004-SB, 
semanal , sexta das 19:00 às 21:00, sala B-A004-
SB, semanal",0,Patrícia Helena Fernandes Cunha
BHQ0303-14,"Interpretações do Brasil B-diurno (São 
Bernardo do Campo)","terca das 08:00 às 10:00, sala A1-S204-SB, 
semanal , sexta das 10:00 às 12:00, sala A1-S204-
SB, semanal",0,MURYATAN SANTANA BARBOSA
BHQ0303-14,"Interpretações do Brasil B-Noturno (São 
Bernardo do Campo)","terca das 19:00 às 21:00, sala A1-S204-SB, 
semanal , sexta das 19:00 às 21:00, sala A1-S204-
SB, semanal",0,GILBERTO MARINGONI DE OLIVEIRA
BC1334,"Introdução à Física Médica A-diurno (São 
Bernardo do Campo)","quarta das 14:00 às 16:00, sala A2-S205-SB, 
semanal , sexta das 14:00 às 16:00, sala A2-S205-
SB, semanal",0,NASSER ALI DAGHASTANLI
BC1334,"Introdução à Física Médica A-Noturno (São 
Bernardo do Campo)","quarta das 17:00 às 19:00, sala A2-S302-SB, 
semanal , sexta das 19:00 às 21:00, sala A2-S302-
SB, semanal",0,NASSER ALI DAGHASTANLI
BC1004,"Introdução à Neurociência Computacional A-
diurno (São Bernardo do Campo)",0,"quarta das 08:00 às 10:00, sala A1-L102-SB, 
semanal , sexta das 10:00 às 12:00, sala A1-
L102-SB, semanal",FABIO MARQUES SIMOES DE SOUZA
BC1004,"Introdução à Neurociência Computacional A-
Noturno (São Bernardo do Campo)",0,"quarta das 19:00 às 21:00, sala A1-L102-SB, 
semanal , sexta das 21:00 às 23:00, sala A1-
L102-SB, semanal",FABIO MARQUES SIMOES DE SOUZA
BC0406,"Introdução à Probabilidade e à Estatística A-
Noturno (São Bernardo do Campo)","segunda das 19:00 às 21:00, sala A1-S206-SB, 
semanal , sexta das 21:00 às 23:00, sala A1-S206-
SB, quinzenal II",0,VALDECIR MARVULLE
BC0406,"Introdução à Probabilidade e à Estatística B-
diurno (São Bernardo do Campo)","segunda das 17:00 às 19:00, sala A2-S106-SB, 
semanal , sexta das 17:00 às 19:00, sala A2-S106-
SB, quinzenal II",0,VALDECIR MARVULLE
BC0406,"Introdução à Probabilidade e à Estatística C-
diurno (São Bernardo do Campo)","segunda das 14:00 às 16:00, sala B-A004-SB, 
semanal , sexta das 14:00 às 16:00, sala B-A004-
SB, quinzenal II",0,CARLOS DA SILVA DOS SANTOS
MC8106,"Introdução à Psicolinguística A-diurno (São 
Bernardo do Campo)","segunda das 08:00 às 12:00, sala A1-S105-SB, 
semanal",0,MARIA TERESA CARTHERY
MC8106,"Introdução à Psicolinguística A-Noturno (São 
Bernardo do Campo)","sabado das 08:00 às 12:00, sala A1-S201-SB, 
semanal",0,MARIA TERESA CARTHERY
EN2536,"Introdução aos Processos de Fabricação Metal -
Mecânico A-diurno (São Bernardo do Campo)","terca das 08:00 às 12:00, sala A2-S208-SB, 
semanal , quinta das 08:00 às 10:00, sala A2-S208
SB, semanal",0,GUILHERME CANUTO DA SILVA
BC1710,"Introdução às Engenharias A-diurno (São 
Bernardo do Campo)","quarta das 14:00 às 16:00, sala A2-S106-SB, 
semanal",0,MARCIA MARIA PENTEADO MARCHESINI
BC0405,"Introdução às Equações Diferenciais Ordinárias 
A-diurno (São Bernardo do Campo)","quarta das 10:00 às 12:00, sala A2-S101-SB, 
semanal , sexta das 08:00 às 10:00, sala A2-S101-
SB, semanal",0,VINICIUS CIFU LOPES
BC0405,"Introdução às Equações Diferenciais Ordinárias 
B-diurno (São Bernardo do Campo)","quarta das 08:00 às 10:00, sala A2-S105-SB, 
semanal , sexta das 10:00 às 12:00, sala A2-S105-
SB, semanal",0,VINICIUS CIFU LOPES
BC0405,"Introdução às Equações Diferenciais Ordinárias 
B-Noturno (São Bernardo do Campo)","quarta das 19:00 às 21:00, sala A1-S202-SB, 
semanal , sexta das 21:00 às 23:00, sala A1-S202-
SB, semanal",0,STYLIANOS DIMAS
EN3546,"Lógica em Sistemas de Gestão A-diurno (São 
Bernardo do Campo)","terca das 16:00 às 18:00, sala A1-S206-SB, 
semanal",0,MARA MARLY GOMES BARRETO
EN3546,"Lógica em Sistemas de Gestão A-Noturno (São 
Bernardo do Campo)","terca das 19:00 às 21:00, sala A1-S206-SB, 
semanal",0,MARA MARLY GOMES BARRETO
BH1134,"Macroeconomia II A-diurno (São Bernardo do 
Campo)","segunda das 10:00 às 12:00, sala A1-S205-SB, 
quinzenal II, quarta das 08:00 às 10:00, sala A1-
S205-SB, semanal",0,Bruno Rocha
BH1134,"Macroeconomia II A-Noturno (São Bernardo do 
Campo)","segunda das 21:00 às 23:00, sala A1-S205-SB, 
quinzenal II, quarta das 19:00 às 21:00, sala A1-
S205-SB, semanal",0,Bruno Rocha
EN2230,"Materiais Compósitos e Aplicações Estruturais 
A-diurno (São Bernardo do Campo)","terca das 16:00 às 18:00, sala A2-S204-SB, 
semanal , quinta das 14:00 às 16:00, sala A2-S204
SB, semanal",0,ADRIAN MARCEL ZALMANOVICI
BC1105,"Materiais e Suas Propriedades A-diurno (São 
Bernardo do Campo)","terca das 14:00 às 16:00, sala A2-S204-SB, 
quinzenal II, quinta das 16:00 às 18:00, sala A2-
S204-SB, semanal","terca das 14:00 às 16:00, sala A1-L306-SB, 
quinzenal I","JULIANA KELMY MACARIO DE FARIA 
DAGUANO"
EN2228,"Mecânica dos Fluidos Avançada A-Noturno 
(São Bernardo do Campo)","terca das 19:00 às 21:00, sala A2-S305-SB, 
semanal , quinta das 21:00 às 23:00, sala A2-S305
SB, semanal","sexta das 19:00 às 21:00, sala A1-L303-SB, 
semanal",CARLOS ALBERTO ROCHA PIMENTEL
BC1103,"Mecânica dos Fluidos I A-Noturno (São 
Bernardo do Campo)","quarta das 21:00 às 23:00, sala A2-S103-SB, 
semanal , sexta das 19:00 às 21:00, sala A2-S103-
SB, semanal",0,RONNY CALIXTO CARBONARI
BC1104,"Mecânica dos Sólidos A-Noturno (São Bernardo 
do Campo)","quarta das 19:00 às 21:00, sala A2-S203-SB, 
semanal , sexta das 21:00 às 23:00, sala A2-S203-
SB, semanal",0,RONNY CALIXTO CARBONARI
BH1403,"Metodologia A-diurno (São Bernardo do 
Campo)","terca das 10:00 às 12:00, sala A2-S204-SB, 
semanal , quinta das 08:00 às 10:00, sala A2-S204
SB, semanal",0,RAMON VICENTE GARCIA FERNANDEZ
BH1403,"Metodologia A-Noturno (São Bernardo do 
Campo)","terca das 21:00 às 23:00, sala A1-S205-SB, 
semanal , quinta das 19:00 às 21:00, sala A1-S205
SB, semanal",0,RAMON VICENTE GARCIA FERNANDEZ
BH1350,"Métodos e Técnicas de Análise de Informação 
para o Planejamento A-diurno (São Bernardo 
do Campo)",0,"terca das 08:00 às 10:00, sala A2-L002-SB, 
semanal , quinta das 10:00 às 12:00, sala A2-
L002-SB, semanal",FLAVIA DA FONSECA FEITOSA
BH1350,"Métodos e Técnicas de Análise de Informação 
para o Planejamento A-Noturno (São Bernardo 
do Campo)",0,"terca das 19:00 às 21:00, sala A2-L002-SB, 
semanal , quinta das 21:00 às 23:00, sala A2-
L002-SB, semanal",FLAVIA DA FONSECA FEITOSA
EN2318,"Métodos Matemáticos Aplicados a Sistemas 
Biomédicos A-diurno (São Bernardo do Campo)","segunda das 10:00 às 12:00, sala A2-S205-SB, 
semanal , quarta das 08:00 às 10:00, sala A2-
S205-SB, semanal , sexta das 10:00 às 12:00, sala 
A2-S205-SB, semanal",0,DIOGO COUTINHO SORIANO
BH1133,"Microeconomia II A-diurno (São Bernardo do 
Campo)","terca das 08:00 às 10:00, sala A2-S204-SB, 
semanal , quinta das 10:00 às 12:00, sala A2-S204
SB, semanal",0,ANA CLAUDIA POLATO E FAVA
BH1133,"Microeconomia II A-Noturno (São Bernardo do 
Campo)","terca das 19:00 às 21:00, sala A1-S205-SB, 
semanal , quinta das 21:00 às 23:00, sala A1-S205
SB, semanal",0,ANA CLAUDIA POLATO E FAVA
EN2322,"Modelagem e Simulação de Sistemas 
Biomédicos A-diurno (São Bernardo do Campo)",0,"segunda das 08:00 às 10:00, sala A2-L003-SB, 
semanal , quarta das 10:00 às 12:00, sala A2-
L003-SB, semanal",ERICK DARIO LEON BUENO DE CAMARGO
EN2322,"Modelagem e Simulação de Sistemas 
Biomédicos A-Noturno (São Bernardo do 
Campo)",0,"segunda das 19:00 às 21:00, sala A2-L003-SB, 
semanal , quarta das 21:00 às 23:00, sala A2-
L003-SB, semanal",WAGNER SHIN NISHITANI
EN3556,"Modelos e Ferramentas de Gestão Ambiental A-
diurno (São Bernardo do Campo)","quarta das 10:00 às 13:00, sala A1-S206-SB, 
semanal",0,MICHELLE SATO FRIGO
EN3556,"Modelos e Ferramentas de Gestão Ambiental A-
Noturno (São Bernardo do Campo)","segunda das 18:00 às 21:00, sala A2-S208-SB, 
semanal",0,MICHELLE SATO FRIGO
BH1330,"Modelos Econômicos e Análise das Dinâmicas 
Territoriais A-diurno (São Bernardo do Campo)","segunda das 08:00 às 10:00, sala A2-S205-SB, 
semanal , terca das 10:00 às 12:00, sala A2-S205-
SB, semanal",0,"THIAGO FONSECA MORELLO RAMALHO DA 
SILVA"
BH1330,"Modelos Econômicos e Análise das Dinâmicas 
Territoriais A-Noturno (São Bernardo do 
Campo)","segunda das 19:00 às 21:00, sala A2-S204-SB, 
semanal , terca das 21:00 às 23:00, sala A2-S204-
SB, semanal",0,"THIAGO FONSECA MORELLO RAMALHO DA 
SILVA"
BH1355,"Oficina de Planejamento Urbano A-diurno (São 
Bernardo do Campo)","terca das 08:00 às 12:00, sala A2-S311-SB, 
semanal",0,ROSANA DENALDI
BH1355,"Oficina de Planejamento Urbano A-Noturno 
(São Bernardo do Campo)","quinta das 19:00 às 23:00, sala A2-S311-SB, 
semanal",0,KATIA CANIL
BC0304,"Origem da Vida e Diversidade dos Seres Vivos 
A1-diurno (São Bernardo do Campo)","quarta das 10:00 às 12:00, sala A2-S105-SB, 
semanal , sexta das 08:00 às 10:00, sala A2-S105-
SB, quinzenal I",0,FERNANDO ZANIOLO GIBRAN
BC0304,"Origem da Vida e Diversidade dos Seres Vivos 
A1-Noturno (São Bernardo do Campo)","quarta das 21:00 às 23:00, sala A2-S105-SB, 
semanal , sexta das 19:00 às 21:00, sala A2-S105-
SB, quinzenal I",0,ARNALDO RODRIGUES DOS SANTOS JUNIOR
BC0304,"Origem da Vida e Diversidade dos Seres Vivos 
A2-diurno (São Bernardo do Campo)","quarta das 10:00 às 12:00, sala A2-S102-SB, 
semanal , sexta das 08:00 às 10:00, sala A2-S102-
SB, quinzenal I",0,ANDRE ETEROVIC
BC0304,"Origem da Vida e Diversidade dos Seres Vivos 
A2-Noturno (São Bernardo do Campo)","quarta das 21:00 às 23:00, sala A2-S201-SB, 
semanal , sexta das 19:00 às 21:00, sala A2-S201-
SB, quinzenal I",0,RICARDO AUGUSTO LOMBELLO
BC0304,"Origem da Vida e Diversidade dos Seres Vivos B-
diurno (São Bernardo do Campo)","quarta das 08:00 às 10:00, sala A2-S102-SB, 
semanal , sexta das 10:00 às 12:00, sala A2-S102-
SB, quinzenal I",0,FERNANDO ZANIOLO GIBRAN
BC0304,"Origem da Vida e Diversidade dos Seres Vivos B-
Noturno (São Bernardo do Campo)","quarta das 19:00 às 21:00, sala A2-S105-SB, 
semanal , sexta das 21:00 às 23:00, sala A2-S105-
SB, quinzenal I",0,ARNALDO RODRIGUES DOS SANTOS JUNIOR
CS3410,"Patrimônio Cultural e Paisagem A-diurno (São 
Bernardo do Campo)","segunda das 08:00 às 12:00, sala A2-S311-SB, 
semanal",0,SILVIA HELENA FACCIOLLA PASSARELLI
CS3410,"Patrimônio Cultural e Paisagem A-Noturno (São 
Bernardo do Campo)","segunda das 19:00 às 23:00, sala A2-S311-SB, 
semanal",0,LUIS ROBERTO DE PAULA
BH0103,"Pensamento Econômico A-diurno (São 
Bernardo do Campo)","quarta das 10:00 às 12:00, sala A2-S104-SB, 
semanal , sexta das 08:00 às 10:00, sala A2-S104-
SB, semanal",0,DANILO FREITAS RAMALHO DA SILVA
BH0103,"Pensamento Econômico A-Noturno (São 
Bernardo do Campo)","quarta das 21:00 às 23:00, sala A2-S104-SB, 
semanal , sexta das 19:00 às 21:00, sala A2-S104-
SB, semanal",0,RAMON VICENTE GARCIA FERNANDEZ
BH0103,"Pensamento Econômico B-diurno (São 
Bernardo do Campo)","quarta das 08:00 às 10:00, sala A2-S103-SB, 
semanal , sexta das 10:00 às 12:00, sala A2-S103-
SB, semanal",0,DANILO FREITAS RAMALHO DA SILVA
BH0103,"Pensamento Econômico B-Noturno (São 
Bernardo do Campo)","quarta das 19:00 às 21:00, sala A2-S103-SB, 
semanal , sexta das 21:00 às 23:00, sala A2-S103-
SB, semanal",0,RAMON VICENTE GARCIA FERNANDEZ
CS3101,"Pensamento Latino-Americano e Políticas de 
CTI A-diurno (São Bernardo do Campo)","sexta das 08:00 às 12:00, sala A2-S304-SB, 
semanal",0,"ADALBERTO MANTOVANI MARTINIANO DE 
AZEVEDO"
MC8300,"Pesquisa e Comunicação Científica A-diurno 
(São Bernardo do Campo)","terca das 10:00 às 12:00, sala A2-S206-SB, 
semanal",0,PAULA AYAKO TIBA
BH1356,"Planejamento e Política Ambiental A-diurno 
(São Bernardo do Campo)","sexta das 08:00 às 12:00, sala A2-S311-SB, 
semanal",0,SANDRA IRENE MOMM
BH1356,"Planejamento e Política Ambiental A-Noturno 
(São Bernardo do Campo)","quarta das 19:00 às 23:00, sala A2-S311-SB, 
semanal",0,SANDRA IRENE MOMM
BH1357,"Planejamento e Política Regional A-diurno (São 
Bernardo do Campo)","quarta das 08:00 às 12:00, sala A2-S311-SB, 
semanal",0,"LUCIANA RODRIGUES FAGNONI COSTA 
TRAVASSOS"
BH1357,"Planejamento e Política Regional A-Noturno 
(São Bernardo do Campo)","sexta das 19:00 às 23:00, sala A2-S311-SB, 
semanal",0,"LUCIANA RODRIGUES FAGNONI COSTA 
TRAVASSOS"
BH1359,"Política Metropolitana A-diurno (São Bernardo 
do Campo)","quinta das 08:00 às 12:00, sala A2-S311-SB, 
semanal",0,JEROEN JOHANNES KLINK
BH1359,"Política Metropolitana A-Noturno (São 
Bernardo do Campo)","terca das 19:00 às 23:00, sala A2-S311-SB, 
semanal",0,SILVANA MARIA ZIONI
BH1128,"Políticas Públicas Sul-Americanas A-diurno (São 
Bernardo do Campo)","terca das 10:00 às 12:00, sala A2-S304-SB, 
semanal , quinta das 08:00 às 10:00, sala A2-S304
SB, semanal",0,IGOR FUSER
BH1128,"Políticas Públicas Sul-Americanas A-Noturno 
(São Bernardo do Campo)","terca das 21:00 às 23:00, sala A2-S304-SB, 
semanal , quinta das 19:00 às 21:00, sala A2-S304
SB, semanal",0,JOSE PAULO GUEDES PINTO
BC0505,"Processamento da Informação A1-diurno (São 
Bernardo do Campo)","quinta das 14:00 às 16:00, sala A2-S201-SB, 
semanal , sexta das 14:00 às 16:00, sala A2-S201-
SB, quinzenal II","terca das 16:00 às 18:00, sala A1-L101-SB, 
semanal",CRISTIANE OTERO REIS SALUM
BC0505,"Processamento da Informação A1-Noturno 
(São Bernardo do Campo)","quinta das 19:00 às 21:00, sala A2-S301-SB, 
semanal , sexta das 19:00 às 21:00, sala A2-S301-
SB, quinzenal II","terca das 19:00 às 21:00, sala A1-L002-SB, 
semanal",ANDRE LUIZ BRANDAO
BC0505,"Processamento da Informação A2-diurno (São 
Bernardo do Campo)","quinta das 14:00 às 16:00, sala A2-S201-SB, 
semanal , sexta das 14:00 às 16:00, sala A2-S201-
SB, quinzenal II","terca das 16:00 às 18:00, sala A1-L002-SB, 
semanal",CRISTIANE OTERO REIS SALUM
BC0505,"Processamento da Informação A2-Noturno 
(São Bernardo do Campo)","quinta das 19:00 às 21:00, sala A2-S301-SB, 
semanal , sexta das 19:00 às 21:00, sala A2-S301-
SB, quinzenal II","terca das 19:00 às 21:00, sala A2-L003-SB, 
semanal",ANDRE LUIZ BRANDAO
BC0002,"Projeto Dirigido A-diurno (São Bernardo do 
Campo)","quinta das 10:00 às 12:00, sala A1-S201-SB, 
semanal",0,0
BC0002,"Projeto Dirigido A-Noturno (São Bernardo do 
Campo)","quinta das 21:00 às 23:00, sala A1-S201-SB, 
semanal",0,0
BC0002,"Projeto Dirigido B-diurno (São Bernardo do 
Campo)","quinta das 08:00 às 10:00, sala A1-S202-SB, 
semanal",0,0
BC0002,"Projeto Dirigido B-Noturno (São Bernardo do 
Campo)","quinta das 19:00 às 21:00, sala A1-S202-SB, 
semanal",0,0
MC7006,"Psicofarmacologia A-diurno (São Bernardo do 
Campo)","terca das 08:00 às 10:00, sala A1-S105-SB, 
semanal , quinta das 10:00 às 12:00, sala A1-S105
SB, semanal",0,CRISTIANE OTERO REIS SALUM
MC7006,"Psicofarmacologia A-Noturno (São Bernardo do 
Campo)","segunda das 19:00 às 21:00, sala A1-S105-SB, 
semanal , quinta das 21:00 às 23:00, sala A1-S105
SB, semanal",0,MARCELA BERMUDEZ ECHEVERRY
MC8100,"Psicologia Experimental A-diurno (São 
Bernardo do Campo)","quinta das 08:00 às 10:00, sala A1-S105-SB, 
semanal","segunda das 08:00 às 12:00, sala A2-L002-SB, 
semanal",MARCELO SALVADOR CAETANO
MC8100,"Psicologia Experimental A-Noturno (São 
Bernardo do Campo)","quinta das 19:00 às 21:00, sala A1-S105-SB, 
semanal","terca das 19:00 às 23:00, sala A1-L306-SB, 
semanal",FRANCISCO CARLOS NATHER
MC8099,"Sensação e Percepção A-diurno (São Bernardo 
do Campo)","quarta das 10:00 às 12:00, sala A1-S106-SB, 
semanal , sexta das 08:00 às 10:00, sala A1-S106-
SB, semanal",0,ANDRE MASCIOLI CRAVO
MC8099,"Sensação e Percepção A-Noturno (São 
Bernardo do Campo)","quarta das 21:00 às 23:00, sala A1-S106-SB, 
semanal , sexta das 19:00 às 21:00, sala A1-S106-
SB, semanal",0,YOSSI ZANA
EN3525,"Simulação de Modelos de Gestão A-Noturno 
(São Bernardo do Campo)",0,"quarta das 19:00 às 23:00, sala A2-L002-SB, 
semanal",PATRICIA BELFIORE FAVERO
BH1154,"Sistema Financeiro Internacional: de Bretton 
Woods ao non-sistema A-diurno (São Bernardo 
do Campo)","terca das 08:00 às 10:00, sala A1-S205-SB, 
semanal , quinta das 10:00 às 12:00, sala A1-S205
SB, semanal",0,VALTER VENTURA DA ROCHA POMAR
BH1155,"Sociedade Civil Organizada Global A-diurno 
(São Bernardo do Campo)","segunda das 08:00 às 10:00, sala A2-S307-SB, 
semanal , quarta das 10:00 às 12:00, sala A2-
S307-SB, semanal",0,TATIANA BERRINGER DE ASSUMPCAO
BH1155,"Sociedade Civil Organizada Global A-Noturno 
(São Bernardo do Campo)","segunda das 19:00 às 21:00, sala A2-S307-SB, 
semanal , quarta das 21:00 às 23:00, sala A2-
S307-SB, semanal",0,TATIANA BERRINGER DE ASSUMPCAO
BH1341,"Surgimento da China como Potência Mundial A-
diurno (São Bernardo do Campo)","terca das 10:00 às 12:00, sala A2-S307-SB, 
semanal , quinta das 08:00 às 10:00, sala A2-S307
SB, semanal",0,VALTER VENTURA DA ROCHA POMAR
BH1341,"Surgimento da China como Potência Mundial A-
Noturno (São Bernardo do Campo)","terca das 21:00 às 23:00, sala A2-S307-SB, 
semanal , quinta das 19:00 às 21:00, sala A2-S307
SB, semanal",0,VALTER VENTURA DA ROCHA POMAR
EN3547,"Técnicas de Tomadas de Decisão Aplicáveis em 
Modelos de Dependência A-Noturno (São 
Bernardo do Campo)","sexta das 19:00 às 23:00, sala A2-S202-SB, 
semanal",0,PATRICIA BELFIORE FAVERO
BH1406,"Técnicas em Pesquisa A-diurno (São Bernardo 
do Campo)","quinta das 14:00 às 16:00, sala A2-S203-SB, 
semanal",0,ANA CLAUDIA POLATO E FAVA
BH1406,"Técnicas em Pesquisa B-diurno (São Bernardo 
do Campo)","sabado das 10:00 às 12:00, sala A1-S205-SB, 
semanal",0,PAULA CRISTINA NABUCO FELIPE
EN2515,"Tecnologia da Informação A-diurno (São 
Bernardo do Campo)","quinta das 10:00 às 12:00, sala A2-S208-SB, 
semanal",0,LUCELIA BORGES DA COSTA
BH0201,"Temas e Problemas em Filosofia A2-Noturno 
(São Bernardo do Campo)","segunda das 21:00 às 23:00, sala A2-S106-SB, 
semanal , quinta das 19:00 às 21:00, sala A2-S106
SB, semanal",0,ROQUE DA COSTA CAIERO
BH0201,"Temas e Problemas em Filosofia A-diurno (São 
Bernardo do Campo)","segunda das 14:00 às 16:00, sala A1-S204-SB, 
semanal , quinta das 14:00 às 16:00, sala A1-S204
SB, semanal",0,ROQUE DA COSTA CAIERO
BH0201,"Temas e Problemas em Filosofia B-diurno (São 
Bernardo do Campo)","segunda das 10:00 às 12:00, sala A1-S203-SB, 
semanal , quinta das 08:00 às 10:00, sala A1-S203
SB, semanal",0,FERNANDO COSTA MATTOS
BH0201,"Temas e Problemas em Filosofia B-Noturno 
(São Bernardo do Campo)","segunda das 19:00 às 21:00, sala A1-S203-SB, 
semanal , quinta das 21:00 às 23:00, sala A1-S203
SB, semanal",0,MARIA CECILIA LEONEL GOMES DOS REIS
BH0201,"Temas e Problemas em Filosofia C-diurno (São 
Bernardo do Campo)","segunda das 08:00 às 10:00, sala A1-S203-SB, 
semanal , quinta das 10:00 às 12:00, sala A1-S203
SB, semanal",0,FERNANDO COSTA MATTOS
EN2508,"Tempos, Métodos e Arranjos Físicos A-diurno 
(São Bernardo do Campo)","sexta das 08:00 às 12:00, sala A1-S203-SB, 
semanal",0,GUILHERME CANUTO DA SILVA
EN3527,"Teoria das Decisões A-diurno (São Bernardo do 
Campo)",0,"sexta das 14:00 às 16:00, sala A2-L002-SB, 
semanal",DOUGLAS ALVES CASSIANO
EN3527,"Teoria das Decisões A-Noturno (São Bernardo 
do Campo)",0,"quinta das 19:00 às 21:00, sala A2-L002-SB, 
semanal",DOUGLAS ALVES CASSIANO
BH0206,"Teorias da Justiça B-diurno (São Bernardo do 
Campo)","quarta das 08:00 às 10:00, sala A2-S104-SB, 
semanal , sexta das 10:00 às 12:00, sala A2-S104-
SB, semanal",0,BRUNO NADAI
BH0206,"Teorias da Justiça B-Noturno (São Bernardo do 
Campo)","quarta das 21:00 às 23:00, sala A1-S203-SB, 
semanal , sexta das 19:00 às 21:00, sala A1-S203-
SB, semanal",0,Paulo Jonas de Lima Piva
BH0206,"Teorias da Justiça C-diurno (São Bernardo do 
Campo)","quarta das 10:00 às 12:00, sala A2-S103-SB, 
semanal , sexta das 08:00 às 10:00, sala A2-S103-
SB, semanal",0,BRUNO NADAI
CS3301,"Trajetória de Desenvolvimento de Países 
Exportadores de Petróleo A-diurno (São 
Bernardo do Campo)","quarta das 08:00 às 10:00, sala A2-S305-SB, 
semanal , sexta das 10:00 às 12:00, sala A2-S305-
SB, semanal",0,IGOR FUSER
CS3301,"Trajetória de Desenvolvimento de Países 
Exportadores de Petróleo A-Noturno (São 
Bernardo do Campo)","quarta das 19:00 às 21:00, sala A2-S308-SB, 
semanal , sexta das 21:00 às 23:00, sala A2-S308-
SB, semanal",0,IGOR FUSER
CS2118,"Trajetórias das Políticas de C.T.I no Brasil A-
diurno (São Bernardo do Campo)","terca das 08:00 às 10:00, sala A2-S304-SB, 
semanal , quinta das 10:00 às 12:00, sala A2-S304
SB, semanal",0,NEUSA SERRA
CS2118,"Trajetórias das Políticas de C.T.I no Brasil A-
Noturno (São Bernardo do Campo)","terca das 19:00 às 21:00, sala A2-S308-SB, 
semanal , quinta das 21:00 às 23:00, sala A2-S308
SB, semanal",0,NEUSA SERRA
BC0307,"Transformações Químicas A1-diurno (São 
Bernardo do Campo)","quarta das 16:00 às 18:00, sala A1-S202-SB, 
semanal , sexta das 14:00 às 16:00, sala A1-S202-
SB, quinzenal I","quarta das 14:00 às 16:00, sala A1-L301-SB, 
semanal",HELOISA FRANCA MALTEZ
EN2136,Transportes e Mobilidade Urbana A-Noturno (São Bernardo do Campo),"quarta das 19:00 às 21:00, sala A2-S206-SB, semanal ",0,SILVANA MARIA ZIONI
